Region AZ        	  #       
Instance
Types   	        Median
Spot $	        Min 
Spot
$   	        Max 
Spot
$   	        Harmonic
Mean    
Spot $  	        Spot 
Stab-
ility	         FASTQ
(GB) 	         BAM 
(GB)	         CRAM
(GB)	        snv 
VCF 
(GB)	        snv 
gVCF
(GB)	        sv  
VCF 
(GB)	        Other
(GB) 	        $ per
vCPU min
harmonic	         ~ EC2 $ 

harmonic
1. us-west-2a    	6	4.05300	3.05690	7.51820	4.03329	4.46130	49.50000	39.00000	13.20000	0.12000	1.20000	0.12000	0.00300	0.00035	10.61072
2. us-west-2b    	6	3.63135	2.72910	5.22400	3.56099	2.49490	49.50000	39.00000	13.20000	0.12000	1.20000	0.12000	0.00300	0.00031	 9.36818
3. us-west-2c    	6	3.70420	2.81550	4.33140	3.48592	1.51590	49.50000	39.00000	13.20000	0.12000	1.20000	0.12000	0.00300	0.00030	 9.17071
4. us-west-2d    	6	3.17575	2.53510	5.13680	3.23744	2.60170	49.50000	39.00000	13.20000	0.12000	1.20000	0.12000	0.00300	0.00028	 8.51702
5. us-east-1a    	6	3.20125	2.56950	4.52450	3.23666	1.95500	49.50000	39.00000	13.20000	0.12000	1.20000	0.12000	0.00300	0.00028	 8.51495
6. ap-south-1a   	6	3.43070	0.85680	5.41880	1.89914	4.56200	49.50000	39.00000	13.20000	0.12000	1.20000	0.12000	0.00300	0.00016	 4.99624
7. eu-central-1a 	6	2.81435	1.35660	7.72690	2.44822	6.37030	49.50000	39.00000	13.20000	0.12000	1.20000	0.12000	0.00300	0.00021	 6.44075
8. eu-central-1b 	6	2.01295	1.33730	2.42390	1.87787	1.08660	49.50000	39.00000	13.20000	0.12000	1.20000	0.12000	0.00300	0.00016	 4.94026
9. eu-central-1c 	6	1.57520	0.97780	2.29590	1.52502	1.31810	49.50000	39.00000	13.20000	0.12000	1.20000	0.12000	0.00300	0.00013	 4.01199
10. ca-central-1a	6	4.20255	3.37760	5.39230	4.21754	2.01470	49.50000	39.00000	13.20000	0.12000	1.20000	0.12000	0.00300	0.00037	11.09545
11. ca-central-1b	6	4.16775	3.63270	5.62440	4.35414	1.99170	49.50000	39.00000	13.20000	0.12000	1.20000	0.12000	0.00300	0.00038	11.45480